{
  "project_info": {
    "project_number": "889881578790",
    "firebase_url": "https://eatatnottsapp-default-rtdb.asia-southeast1.firebasedatabase.app",
    "project_id": "eatatnottsapp",
    "storage_bucket": "eatatnottsapp.firebasestorage.app"
  },
  "client": [
    {
      "client_info": {
        "mobilesdk_app_id": "1:889881578790:android:4e4e639db54723fba845e7",
        "android_client_info": {
          "package_name": "com.example.eatatnotts"
        }
      },
      "oauth_client": [],
      "api_key": [
        {
          "current_key": "AIzaSyAipWmZVEI-EFrNE5oRFeYZYhyMX0D7JxM"
        }
      ],
      "services": {
        "appinvite_service": {
          "other_platform_oauth_client": []
        }
      }
    }
  ],
  "configuration_version": "1"
}